0,1,2,3,4,5,6,7,8,9,10,11,12,13,14,15,16,17,18,19,20,21,22,23,24,25,26,27,28,29,30,31,32,33,34,35,36,37,38,39,Label
1754628.5696553094,8638387.655118741,12043774.690286968,4117183.2617333224,3228430.975413725,3210140.491950633,1311660.5304866892,653004.0934085986,408960.4978472687,256109.37855546997,176645.02116446564,162915.61583656748,166086.52878954634,158509.54260638735,116766.80881452045,96007.18854360063,88861.02276205579,80148.02891277864,69305.74788974001,59493.42352928518,53576.03480463241,49608.9271443876,46473.76942324531,42659.26775792063,39077.78252899596,36629.344568248176,34634.050909658734,32510.489506760157,30585.435660044473,28837.414107206336,27530.777599945763,26126.809897985964,24813.3585188871,23817.248728960265,22954.88490124923,21960.053975887102,21156.370427831265,20465.81769518294,20016.888560934633,19381.766689794582,NW
109681.6806506676,8591687.530620845,15258723.753446132,6080287.971269611,4048757.489418869,4896928.25132114,2140388.3842382357,754100.0455228006,335268.62094736437,198704.61466018367,162362.57012748078,152851.1681645808,189992.29835490242,253626.37240493234,142229.9675038919,84951.69688743047,62916.33043497915,27819.466919042105,15326.413827304888,9592.578313007449,7615.603815610073,5507.497385521401,4511.9636505893695,4005.300058366096,3724.848981951082,3351.204638309541,3185.321253369631,3133.660361786974,3206.8790860293657,3029.0407774060222,2961.9523184348,2986.926274229063,3061.5854207548964,2844.958621844343,2951.0898354830883,2805.026227465938,2729.499190718538,2634.31101348232,2249.4659174572566,1858.029678144458,NW
71849.2602552587,6497179.507992974,9993531.851836527,3128078.2805056395,1710024.4781238446,1595776.9866292959,560279.7360455726,141561.935614832,54124.59290567976,29267.77671191796,20966.82844686097,19788.291732420115,21892.622136027454,26187.524814290708,12139.560792854541,6262.239408638404,4436.979789530682,3825.9511966968644,3699.926043734611,3468.151013716726,3528.3771591971176,3512.444098845505,3477.753008904465,3406.5855775734162,3447.0996718444185,3300.6790100499848,3301.9345408182357,3194.2738172031986,3332.2104018957752,3358.4610384738853,3380.0483554871826,3303.493897862272,3359.7060850797066,3313.084193679816,3270.3274888436645,3225.6149613777916,3171.0363756624156,2893.1188860360453,2601.3856728150054,2056.8603762242474,NW
27677.40753059915,2213365.7473898865,4825449.617816486,1801560.4204033865,1381106.9677730557,1071353.149889518,411134.3041542742,123537.64791765902,46249.3523179941,27477.31082269676,24296.910656422875,23573.634891157813,28551.344837592806,40805.25905779933,21172.069699430773,9043.152192499161,5391.373492988091,4173.736532892181,3782.822200697819,3939.592597215029,3371.0245838414203,3010.659506201525,2819.2020941169094,2755.8560401895697,2681.7099490357296,2689.651509912543,2665.2699719558886,2680.8696005882543,2749.880184955937,2644.1453246770234,2638.2862703563214,2570.2629628887635,2616.944897620485,2610.4984122439014,2607.064417741122,2465.3999285416003,2505.1691392616945,2254.1739448831586,2110.259781658021,1549.588443702536,NW
36644.538395931566,2469838.679468725,4507505.338735275,1235408.4628532738,919866.6618234261,911844.9795545317,426057.6142538665,145732.6249865534,59049.83938487389,72211.17029313138,57379.813520291915,55034.96828007953,119202.8521788407,82630.54763776956,63068.229656269345,18544.72982656239,11114.751942284209,6993.937944488618,4930.474944110274,4474.623427228025,3947.006507120692,3655.8223421155553,3524.188451923963,3296.430077121221,3319.698053434471,3226.3680790581234,3244.50257149123,3274.037130563203,3192.567440447793,3223.05158966509,3140.593460385917,3282.6501505684246,3122.4231363903864,3181.142680790937,3190.31919216857,3143.1756836107224,2907.660294909168,2844.8148284073027,2404.886394998812,1927.6982480964318,NW
317236.0054934074,6321613.601764835,12429043.050459271,4514406.786193517,4257291.737630055,4359472.752584752,2318018.9389853626,593685.8969472859,201658.5701719068,112311.76345729743,82892.82508759305,70511.8734990875,95894.82312990975,114452.75543532125,61932.07516368884,41390.039029835134,39649.35432396663,22425.33998924194,17638.27495231401,14653.73263063241,15181.382326300009,15144.49476899347,14043.836916864086,14038.302516195847,13238.911487247347,13085.856339148362,12429.530506471956,11906.264116016077,11796.905583920607,11345.95007921686,11213.321931149498,10812.01485416665,10918.748774441567,10452.598997761626,10385.312262428644,10527.033352538165,10134.854289660307,10076.465398482469,9927.12750434212,9799.001065515808,NW
48730.66382359327,2842052.2353322385,4098863.9622427532,1219373.000950717,745521.4121369745,706442.5212436623,288541.729156955,106683.65302287364,45606.77341963678,24061.66954932436,15539.741052273395,14594.553546510815,19989.914502645777,23971.47612402619,14977.455795228117,8733.335765531581,8213.13129704102,8986.830747886765,5841.57200169937,3804.4307010024904,2933.221313374457,3052.5091104621383,2833.734674210795,2812.1355862523105,2672.646496721901,2789.9078985622027,2608.4421006766584,2604.2912010113077,2642.2056890451086,2487.232444932115,2394.6574374203283,2420.522477917231,2438.1470716058498,2320.9277139767,2356.3570278565257,2349.816564955805,2282.086956301347,2123.1108596610434,1863.8829772787053,1445.2008483919083,NW
217553.21902575894,9180608.853118269,12196496.55688491,2950157.9518969124,1982640.8898929101,2119196.1383637083,981795.3779820421,342390.26851061604,159810.23577284795,123010.60909566827,127932.63802206158,120598.55644125308,137901.96944420028,186353.7222498752,111269.40787128436,41896.78131814291,30925.85318558992,19558.550138117163,12582.575958314115,8525.315262421167,6276.757363977667,5148.3158184096665,4821.28522246326,4389.426127744353,4037.103303085021,3871.2283716837483,3679.673799140499,3664.979143307912,3682.631853478964,3577.0212680764644,3534.9990481342916,3464.8386852885924,3486.1349853155048,3436.9773611987366,3326.391697398259,3204.2224646035806,3166.937804689334,3043.003113685205,2714.4712343201645,2227.698153838754,NW
124838.83466290319,6499627.0155832395,10322794.58857535,3696842.562148424,2535369.928018927,2505561.4191320892,1004136.2212373917,299487.07621716836,129555.29143855545,73743.20144294473,58941.09925189406,57858.68894620844,68181.47443482048,84579.99998557058,44293.23160228965,25967.21014515577,32481.584619397658,17644.96294361439,18232.998706234914,7145.498764217493,6498.839470934617,4503.171099076724,3511.1703027882795,3476.6551240310273,3228.7735790235306,3108.275596138399,3041.3848289935017,3217.533006954208,3121.614836347701,3046.57531663507,3059.5774736054145,3037.600872437431,3073.3012832845984,3025.8812486378665,2984.221911545192,3116.859879514085,2954.841822809833,2809.085585349145,2470.836575389062,2035.711391746764,NW
164390.5456950646,5195013.155255519,7896733.44057109,1973995.0118049297,1296465.3836835662,1243507.2037516623,559150.6646886375,192800.8559045803,91384.20231011651,59407.31267296752,46745.772747137235,45014.87239631335,50466.26380573268,54952.27079457337,29223.99132894776,12913.592900708685,7312.282229248212,5325.98508758145,4689.4229891717605,3995.8111253844118,3682.3342769109163,3298.195362554808,3158.3493594743513,3048.741240833661,3068.7681985363442,2994.4519655686654,2769.069527680728,2713.4563117843963,2765.5023331948555,2627.6429622368055,2651.0883071702874,2608.095618338739,2533.020237511333,2339.69304452699,2464.81931554488,2298.3776149591713,2394.5562700972723,2310.5560903342584,2041.6671116223047,1588.8782264570766,NW
118932.3519042751,7147608.3973398525,13756682.792085782,5352202.154323357,4227936.207149885,5043075.521528474,2314023.020905206,914959.2491101816,478865.2590872351,259594.1110478983,125326.33821666162,80245.67459114891,66659.39621485228,70672.27971905189,28937.769978898352,11732.120522713665,7254.536376398601,6101.3779404837605,5042.873196392045,4826.631283563722,4448.021248646371,4308.814284138691,4191.415579999577,4001.324339265892,4033.1825386569785,3838.613352060106,3854.6618720012166,3698.717809580738,3630.1116051020017,3516.070659131384,3424.1845272453365,3337.2647107315065,3449.8232868159566,3262.5722358256016,3298.577429451925,3262.4601805673974,3124.165833036368,3039.5997121402156,2792.5655645296783,2612.5117323088216,NW
56500.384041470155,4648028.627180357,8210202.619534512,2392199.922341291,1042542.2660435006,1173270.2383629822,688933.8671063166,277142.79607602756,142337.8726529321,93941.45502344935,83621.0469919695,81925.62494833676,117342.78607969015,154063.3332997685,69200.48818530208,48927.12566757496,30645.96226550948,15821.5446792085,10926.245099400041,11085.55725633361,8271.455556314715,4896.231615802344,4440.117814387933,3903.5160856127254,3686.0755255784015,3654.3808201542015,3475.738861771853,3429.862774549245,3345.2653955611245,3425.386031390822,3412.390141573878,3269.8824857169284,3358.6160483075955,3380.0884835143424,3294.7771911320933,3234.4535305085756,3061.05380499485,3003.3979957824113,2646.959688286331,2216.025456470911,NW
97598.94252804457,7570932.74303332,15435590.564979792,6894406.647887174,6045064.733308596,7333525.835542414,3576648.4296494937,1142262.8146250541,532834.9002707597,254450.88428101255,201276.1593611121,162652.92006975546,196518.53058871345,254224.17860822985,108064.85595853922,48476.61515902931,27201.016859721185,14816.40783829419,10961.312426001423,9924.135456058137,7603.79364133804,5587.760370885052,4810.209127323819,5374.497550450358,4370.9159360729545,4697.779341409394,4418.236802473556,4027.0523131902214,3688.3051321190633,3624.374522250273,3499.466558387208,3407.570958226736,3462.9182465421427,3464.69758046159,3472.21232805805,3251.0493746011307,3270.9250931577217,2990.1045860143768,2656.256822643182,2012.8050601484272,NW
34028.540534737025,2533784.5697364295,5564119.929001957,1874872.6829455113,1006081.3678317068,1134783.3184411738,581797.9295143711,206627.1019136806,102630.21712035467,67160.34895312652,52994.4470092425,52447.822376654505,64235.52622446693,63149.180255567655,35570.40206950192,31015.861594466918,29785.261056190182,18912.48028041971,10719.790360583322,6047.892599516317,4286.274315357199,3644.37819852517,3525.706468506468,3119.7583280473987,2955.067027597641,2854.6579458562483,2791.1210654895067,2831.2357147242647,2744.646411385941,2715.7694282203565,2708.204767403919,2779.3843843065442,2697.1479595211295,2784.0984272424876,2689.2419460917217,2659.3032364313663,2581.7005851526646,2392.7783385797484,2181.955726448208,1658.252011646819,NW
125548.6277905475,8024413.4466666905,14596897.361405734,5790091.448966156,3941097.2244620537,5041077.501853918,2148787.50083281,868851.3831951842,409161.04044430266,278925.78358839056,245868.3167143977,204912.67803551327,286125.2505841921,363473.5530263892,152489.71736642657,74282.50203993355,63467.070978501324,51371.48781322596,25431.75183201996,19797.33439045929,14062.044248338283,8315.12144508024,7903.9319058246365,6078.481606649391,5021.944765617358,4620.453779292657,4480.919900851648,4343.644821554814,4074.860190018764,4137.967130850097,4082.866010650053,4006.5534185988554,3894.321155588017,3911.493241464261,3903.5328673193076,3738.057440846882,3795.990638103908,3488.7493289816293,3126.8067335675714,2606.0431064449563,NW
42334.861740661894,4631483.877372645,8804009.338123878,4045729.9663772197,2578267.38457907,2820624.943708579,1166119.3421075596,435079.2673374341,198895.92080904992,123225.15293490533,94817.49160175034,82927.82672138108,101058.66261885966,131451.10640401847,77309.37988614303,31452.386290914168,19813.504356947888,10605.855292855083,6479.984515445712,5154.7882317258445,4485.666001934982,3899.0245191088175,3572.2478732188497,3558.340910624414,3357.9441457962153,3394.50864529272,3282.1810373763037,3231.908318747645,3306.4556834359832,3269.8175310788697,3231.5105502804304,3219.941126157507,3163.7254902249024,3198.7024664877836,3145.8257679531735,3001.3076668803355,2973.5098132649837,2726.7688490087457,2421.2173328872477,1947.7415008231446,NW
191138.88473820954,3085512.293213694,7224474.571887652,1974047.137561432,1600392.5257087448,1404644.7164455238,545946.6220590011,189045.85050649458,81340.49030631715,100145.18989268839,67846.92122918725,53851.96445824616,66091.78920930931,111439.80582811468,64718.017574214166,21717.64463822203,14027.645380643939,7612.3751648068155,6633.450521616809,6547.316212638048,6220.141391242332,4303.1057336328795,3927.2878469891557,3482.3786887059027,3478.171449828904,3458.800010015233,3258.9621539163627,3419.2644750183736,3086.943222531011,3136.692268040337,3166.346371981833,2963.3091023618235,3033.4756369803035,2975.0171610966217,2783.096475184654,2904.424019027537,2865.7046358380876,2597.194955618502,2496.5362139338167,2113.232151004907,NW
121623.2382407913,6827268.312822088,12197155.37312561,4968633.478144693,3041790.6967716897,4196966.534158915,2201242.049564694,901515.9067053426,369947.9578707609,248920.0049199075,184911.7351800524,249210.5114777607,255326.53428278276,441058.3117853996,136875.14224841195,103922.24143366682,54650.00009853495,42694.32173142962,43387.986811287796,38280.86862763808,32878.256065365684,35484.977989704654,33238.92082333691,30409.32597043324,29027.056052574477,28868.30387001371,28632.953899865868,27342.110765705205,26196.759672374337,25924.26613802159,25127.715737607843,24242.86213973137,24219.271472846078,23640.028897029297,23074.492103319273,22691.26735127672,22435.39363493253,21935.545687753533,21692.964633940996,21214.71791040762,NW
56760.32248625603,3762524.6802911074,6089611.325075345,1596369.6370015272,1140366.0474315744,1083484.2938094344,469371.44227487134,133143.6505185485,52694.493005605196,30592.36611104716,21829.000399775163,18360.200030923916,24846.813391791093,31660.181275080635,15846.49074059106,6948.986606138969,6011.070943030229,6437.175323758586,4470.153613569881,3642.917320359318,3413.398830215019,3249.392573946728,2991.8206052030414,2884.436734787816,2757.4129323095012,2718.728480551235,2737.5772522551333,2678.1776180614197,2573.0443826254523,2548.192827783889,2648.1333809104462,2617.7347770805327,2622.52590492661,2390.336598148683,2510.6395500014723,2522.6317482824807,2373.197726603261,2205.049576915246,1922.7803982801593,1576.344102945173,NW
96794.83862141619,3613985.3147149337,7681120.439724232,2936234.8500632616,2148377.983597574,2241187.59442414,821332.8345495183,249475.89672354647,102122.75525189568,71460.80435705799,59912.81408980358,59546.51630725346,86049.32861665814,113338.02437592541,54108.086607738354,21271.20620117586,10676.382472042224,7723.421205074442,7997.519460246925,5548.401428059544,4063.143040792681,3285.5750171261116,3111.500036317626,2919.576758672235,2686.853875981129,2599.809411877947,2679.826194543556,2543.708807074201,2638.1897253557336,2580.7338914556094,2605.6104029653934,2570.792356777397,2537.314700944817,2614.0410906109955,2480.247221747519,2430.3672429887456,2373.3340662608143,2228.5848250158087,2083.9137837573962,1690.9236505298786,NW
31762.652856362012,3515300.266937116,6391274.162903694,1850302.6839471238,1343437.7263520816,1710541.936976692,641788.4513101105,218914.35235674496,125508.52408106092,80312.51970282994,61143.24790989995,65487.69195196983,95438.98764678492,124464.02567151439,58535.95275000143,20789.476400760894,9516.927048625463,5841.685906893443,4446.305012575953,3971.1789447280903,3811.0647043121335,3646.4147360141706,3565.1067460024296,3384.597218713112,3493.760425852427,3493.948411136801,3427.3081550332026,3431.844399598422,3371.273742394512,3274.8512179767004,3272.9218114606892,3250.335779518009,3206.522990194485,3204.4128418691535,3282.160747400613,3190.1455099694763,3082.3775969391518,2993.022572850129,2543.699678992627,2016.7810479822597,NW
46032.5802552581,2564221.6187758646,3059384.9143903954,979363.8175413394,682411.7287573789,632069.8658354804,415236.37032312795,134829.69648522526,91158.03972929981,53842.861223929365,36322.30814357064,38866.83344093567,47130.50648737328,60534.680083731,30924.199805663106,16331.233372051247,12262.929935641261,7866.77767610153,5193.718647240106,4873.470953218978,4312.548931924465,3646.0986390541248,3615.4327501050543,3215.9706991185735,2990.8777251640654,3023.855722979387,2834.0812221260476,2833.2060510205947,2877.645104668155,2877.5959181159196,2865.8160806510436,2892.572484944817,2848.0992699112057,2886.6135768990653,2788.12145145533,2745.7860476826113,2645.4805499614063,2497.89225930837,2199.7956814706604,1737.0628250684013,NW
105621.34487851957,3241888.684506746,6501652.657380465,1525016.0325475475,665338.5904546048,708608.6478592467,427273.23436196323,170251.88188444384,61029.91898856626,50591.436968916205,43937.61057142421,45587.373712382105,69751.72030049773,105304.79554371108,77695.95065070325,52332.601309956495,33733.37329011115,16839.116558347247,9560.359009101212,6024.444966519277,4988.609448318601,4549.901204920461,3628.4999997357654,3574.958709082931,3358.2729694616305,3101.244613553811,3163.8938103258915,2941.6092676819744,2844.711199103463,2790.354656430188,2967.532734368946,2852.1713852405323,2814.3074594015693,2863.033371598085,2824.4434459944205,2761.4300019984266,2668.699501662209,2552.450532274876,2413.5512067249383,2002.7512918303896,NW
109796.57675024212,3031485.802449791,6922104.2308215825,3000493.173371719,2030651.2927325286,1793135.8970136966,715261.9949042904,280821.9658347914,156281.39586120658,113335.64994725707,92871.82081781076,83838.14482185495,89342.42943257887,89394.57178007258,32497.650244799435,12239.147208349417,8525.204726396893,6989.46208072115,6447.484514281884,6220.094724700162,5900.762847934967,5571.710912964101,5291.5718140115505,5152.893274488966,4931.737200619311,4845.740321998246,4740.525130462225,4592.986527620376,4559.550182532659,4344.065950541659,4453.624236741443,4231.641886464851,4112.9168205384185,4131.531076697498,4171.573815529922,4014.664236833882,3920.6342755671176,3774.6492631296346,3586.7425739349583,3442.5765244260947,NW
105278.58494649036,5968131.811931603,8611083.95050512,1784470.581022312,1178210.095968026,1783103.1840419066,1022260.6618485557,405400.9920196787,189319.23064131977,128739.18560503372,102167.27344134336,92638.43192928075,125958.57848358255,160281.13520743733,84354.57766580721,37283.91091920904,18654.702655944824,12019.30237477869,9316.758517051501,7546.7107487499925,6406.8923740629,5558.951242455625,4970.789705135865,4727.823239900028,4402.9307740445765,4290.200832170518,4185.452921452632,4135.663188338374,3794.8004825831517,3793.372925399744,3687.3722932104192,3632.330821945864,3625.6324527996485,3591.377915860347,3585.1229181554486,3489.674796198878,3297.309463362064,3422.451340506542,3151.0187789217434,2982.353061644952,NW
592340.6118312778,6617067.691132164,12428465.674185643,4817868.919543785,3799858.572359315,4270737.914218286,1810113.6338930475,670028.6423290628,306053.07012602536,220123.88540917268,200724.09666120698,178642.41609713045,198507.51265961525,213330.29561442166,106278.27720970655,52959.237672709285,33352.65583739713,25033.490343660076,20829.50220112521,17212.001990739664,14508.505130608346,12343.362838669222,10936.197313312281,10027.041177948671,9452.920341030436,8966.869674095704,8451.187189461963,7874.352220404482,7679.985130304478,7183.877266120956,6993.2119879506445,6828.429188215423,6606.590552966297,6396.221986166383,6364.108995258772,6118.234284449095,6021.107187451605,5790.266604068711,5706.10798788891,5532.000025078358,NW
93841.68383418598,5260355.547125416,9729337.46862144,3524951.093113312,2799530.2905736063,3587998.881010658,1582941.4275090594,521070.79897341423,185361.2919461927,126498.68816942172,106119.21890166898,103394.93178519212,137186.3733397846,176455.23112169502,100751.62757651976,44439.26069996106,50431.54790916314,28021.55130083309,18756.432536866272,7637.771701006926,7247.465936062798,4674.529649673801,4053.525321893821,3084.3444667650306,2850.9115190881002,2968.5878943695,2932.325959642697,2719.8719861385707,2725.8504535905245,2718.188795796136,2593.877296497774,2616.1590788606145,2525.3291392528386,2584.0299413061507,2485.2059571435793,2483.1354545197582,2429.187145256935,2303.8959617148635,2011.4615937867295,1620.0429522172653,NW
103224.6059274108,3270970.2615149394,4567958.933230613,1365841.7139631237,814358.7405968362,976699.9411125756,502776.3587680607,152858.4971669617,62209.76008063006,38132.525675178855,30566.448278423006,36158.60613032519,56450.10477542569,80428.3735215005,42162.041765253336,19393.562929093398,11253.208037362785,7807.73435465539,6502.838936267224,5520.23682611076,4557.91795924361,3540.2365025768963,3087.7852580768717,2711.1284557525746,2576.552827771138,2572.2433204138397,2460.308158071614,2340.056286464966,2356.5956024808793,2327.847646057904,2316.227751630022,2321.459870840795,2370.8673895159372,2291.7294764853727,2332.9680729058027,2262.116706520945,2185.5284187568404,2012.1872678407633,1743.9405276687996,1343.4202441400364,NW
157905.81219172705,7298281.799235439,12611823.218286492,4834859.334557279,3946589.1307761236,4408952.866251174,1809918.491542718,535593.6469419567,184853.45741885793,91813.55510052029,69238.9761138602,75466.61670325547,107175.53389569504,131342.0662765521,56916.40836682081,30957.851722227024,17338.27040990766,11885.183912414821,9053.771459961295,6817.194460165902,5421.492353259026,4529.3348750251525,3930.362531362584,3265.277592901438,2970.771942610247,2773.8732304229316,2681.6499990190337,2548.080538569786,2432.5140121076297,2435.897543418945,2477.320322690295,2408.261690747616,2372.408443648029,2405.4677651775833,2378.143929581289,2257.2283449670854,2238.1572809927056,2111.4721061353857,1810.3222968233106,1507.575356773985,NW
162269.28443597717,7167539.613370784,13668746.710492412,5417397.382678304,3689184.102420239,4620053.381615244,1939638.5265521072,645608.0679756182,327398.99202344683,202976.6098832799,169468.93958438118,159618.18521332066,210401.51335929934,291418.47698278516,140747.55585774282,62837.22206444094,40170.46964914741,30759.003451483004,25303.521731210523,23132.027027312797,21098.504353778262,19491.982449852054,18596.93880422487,18115.723174817846,17484.181706145515,16793.593565197567,16161.840395099738,15654.165338073253,15533.141584207646,15132.602297303656,14617.398280179588,14428.074438599857,14045.819993677938,13760.195589300434,13679.491785466505,13246.220681002997,13195.727423880719,12932.043078702673,12635.975194588065,12424.10938711559,NW
377168.0501643378,3135512.491548647,6315014.824117949,2233853.3468463267,1265931.255013327,1354205.0126235625,647847.099030575,239763.82650280697,142082.53557554408,82895.82447698442,58429.29614851963,71708.50501615995,65637.9122016191,96020.21330221501,55806.831682736694,23466.28706478485,16455.544434940482,12279.205745405128,10995.374241830363,9836.615653701712,8710.493867221578,8013.419792936895,7443.328459918171,7239.465825157607,6786.1457860415285,6600.51844875484,6261.169031783005,5925.563190638679,5573.063956599196,5753.960626330301,5503.736469475623,5350.577713496245,5168.256442541415,5003.516434647541,4958.599507694841,4828.252925199724,4783.029085063109,4502.528889778969,4270.365615866322,3944.0542100146868,NW
65662.45691879775,2902401.5451313346,4156973.7997639785,1143305.257359357,669186.4567496168,723215.3778956323,278505.140447072,91095.98278648307,38786.97719026102,23623.881999213078,17294.388007139543,16015.20056773671,17922.47710354822,19172.321128424723,9390.677256769257,4751.744634521466,3824.9011677941608,3318.3217250139296,2984.432498159127,3005.3380564244385,2902.018462298525,2816.38467818072,2837.845728767772,2868.9148452951204,2920.961555357119,2950.227473450228,2901.9982471635158,2857.3994266909867,2930.7805305741476,2802.55556935434,2802.5987787511076,2770.8339061499582,2708.6611000364164,2821.1133765550358,2866.657139401558,2777.5593148406233,2594.9751862402636,2477.044244512913,2264.8397120944246,1750.7073432144825,NW
170140.92101360863,4577174.682235343,7604705.8132469505,2407735.7536949655,1600438.192593203,1455533.6689123127,639957.4271865009,192536.10387691605,89131.23604000187,55163.11836849379,37534.25901549726,36050.21859631424,46782.5321555388,48834.31337372588,26475.033190397757,13818.788853991833,10832.331136793724,9256.260670508913,9014.457460790632,8720.242608510263,7885.53346804912,7440.699074063919,7202.668347876484,6790.0969364697185,6519.557550732463,6473.70022150426,6037.047058956918,5783.355858444564,5975.61936210998,5781.400894707786,5618.633884108254,5586.806264662949,5474.2970303402735,5379.623400438422,5268.8763192204115,5174.323581552462,4939.350210904913,4920.4863345477515,4694.2204755253715,4523.528374238023,NW
163899.20311351074,4133627.861255051,6717149.899675631,2537882.3819714966,1658281.714379797,1590797.5989517684,554710.0659111196,146942.86836525705,64164.74514397404,44731.123316363744,33619.91812289274,34694.21628548015,49096.68638196952,53597.495416935184,22987.742648521627,17210.675501005586,16711.620697823146,12341.85329653557,10785.441032029821,10048.864142568393,9466.483705801924,9070.567411624563,8704.830192251851,8513.25933923719,8119.2786691929105,7873.052379708358,7751.312258989973,7483.596096640844,7121.468171863351,6895.3311269691,6903.9532251974815,6836.137794841773,6544.600942044253,6383.374213579325,6384.377955964617,6333.041287033104,6279.035916998376,5924.934191928358,5871.773927501462,5845.976486061212,NW
127648.50857589944,8365543.416231598,16664665.859934486,6727679.429507073,9711704.710909942,14684508.621341625,5960105.108408775,2589391.3494122764,1213157.271215901,788365.9212847191,190394.7395801124,189892.851305055,193054.22276331106,240109.21066682335,77445.885972715,29123.73264857916,15078.41005083359,9615.062493951693,6317.657160619727,4346.988597309933,3921.88239017589,3903.70044693545,3603.54302880019,3717.57047074136,3406.206492533198,3360.5289351511533,3153.11243459391,3173.6790599137425,3156.4568870995945,3075.736189104855,3133.233209324862,3039.797310833744,3052.4342993573396,2992.0782864962225,2944.9678974819653,2985.3392386897904,2858.1408086887013,2576.282855869148,2456.0605909583905,2003.6528523757318,W
94902.27309782695,5188428.710047821,12683555.03627326,3672546.3858718835,2777612.562537626,3755363.687166452,2056851.4615912407,1139120.5294749602,668679.7607428728,300675.0683317576,142265.39131108066,120340.18355974453,151408.2342929797,149392.50708546594,72298.73186255121,42502.4936764246,20899.00961800505,12278.928866181515,7979.597587677917,5423.275737132242,4147.11011880727,3503.195140852131,3367.7967049443073,3071.056293049023,2818.141974500306,2654.5356655492233,2655.1037292083265,2645.496883495298,2606.7490909699154,2587.9620062265594,2579.420609855085,2539.9861658582877,2609.6469975582486,2533.388878883136,2477.9617112354417,2410.5899109509473,2403.8609806878994,2216.297192746733,2076.7888926756955,1691.0942723171363,W
59328.72623772516,6463088.352350707,11680055.745867638,4305008.372653458,2622996.092068965,2469744.852936698,963395.4120110394,293483.50466943986,107761.16972791981,54893.720357778366,63883.08178821767,69725.22618659814,86242.05953132373,102343.54104339553,50458.66927532674,19834.022121473346,11290.775944219236,8281.348481034998,6360.10231819563,5062.1620605922835,4602.774943524632,3966.937405955123,3584.9087099609983,3327.9946620506616,3116.322190784641,2993.0889013811193,2903.2189228992725,2861.2653841538513,2875.6186644484615,2908.7791568721436,2830.20588864847,2713.940280927607,2687.235787062709,2795.574511605125,2789.004656609633,2767.640078430341,2637.5456945796222,2525.547623679319,2169.1377756696247,1760.0197822757796,W
60364.209432120195,2773976.3835053532,4860606.850143489,1684561.3811292716,1070410.0222468372,1165724.55089936,498358.7527262175,151658.9506539749,60259.12029573664,35731.39434292313,35148.926583160486,32323.303327962578,34784.07520176437,39214.956695336194,20296.8471530629,8948.171841685193,5729.512444258814,4134.660005195318,3589.7633947921154,3458.577160047331,3428.9753492006585,3213.2161720886693,3097.6918422661056,2883.90464360074,2938.4164535975688,2866.711340312221,2765.998529135157,2816.818463469257,2726.3014542377095,2737.607409416616,2768.8750183008133,2674.1965190253773,2741.4951703138886,2584.587431753223,2564.975293526732,2671.6327083033784,2543.879615663982,2380.8142520664387,2124.2422801863286,1712.7702134413134,W
140087.79379495082,3728123.562847556,7105017.844929593,2953906.356820523,2452773.770959781,3164648.679275682,1400402.2581245387,436624.96127345465,169041.56657218747,106201.65158342168,73242.08953889669,83624.99921189743,93802.41672035378,104496.5623165326,51449.62302157107,23941.120373843813,13851.7793315809,8485.031607699755,6639.84003649883,5225.381442171425,4529.503027472063,4480.064262280261,4092.629749150144,4232.457804043193,4077.733161717318,3808.7668086999684,4092.5538991385747,3934.3117124841947,3793.868436485987,3835.488710196432,3771.4580810570524,3680.9488800270074,3653.193190896207,3571.6306748905404,3588.048588350962,3443.628383441998,3437.167006953463,3410.960398227897,3037.9366981963594,2735.7936202773285,W
48537.33184012962,2499410.95674447,6453502.4167775735,2592616.5847904454,1512694.5664232424,2528331.331749451,1644347.7898411038,617768.2042183744,305077.74112519994,286447.6906201979,78733.16599303218,65433.80684047617,90633.58182468836,95946.26626455225,48989.694901146635,21686.298421566265,10237.939945515125,7487.370901392909,4759.135666634493,5103.8697784023125,4560.440756729626,3275.3908897350184,3208.841872573657,3421.6538835562505,2953.2050816311676,2884.026835160662,2680.1609504827447,2578.736194605227,2641.531581060004,2561.322913242985,2592.3170503012407,2537.1866111915056,2438.3950925233494,2357.8574852068245,2439.8053406678823,2409.1513655362987,2388.2386589921107,2220.226584660112,1922.7238717201164,1547.552287528339,W
73684.7462290941,2550991.3025616906,5427263.857172292,1772417.6727073689,1620222.5379665596,4489847.683436746,1734562.057974179,464487.7229643561,240082.3128900576,99918.81592245917,102653.76576751545,125727.54694061827,123436.86692527347,140444.71140911386,64882.56248276014,26452.91921814368,11927.291071879034,8546.734279131142,7883.40239533278,5467.030573993117,5021.140138241045,4376.456607626717,3986.1469342203754,3185.2309436082405,3014.0400577306254,2836.3241421927128,2868.5795928302473,2848.777956744727,2821.62311466956,2777.9339794674747,2694.4257338975776,2663.87060822616,2701.382705080653,2646.749072238188,2676.2154606969902,2589.322303325095,2592.52742218648,2499.874388949666,2098.183178513254,1732.0164093955427,W
55298.22702167916,2950339.8757252907,4648338.646485843,1524804.0680888498,2294193.9663337767,2525948.9516616436,631235.4005723423,156123.92036196252,94891.50119744946,56284.74602549361,35317.03196125824,36451.44416816239,48507.53698887451,54977.17802701169,25126.60244267561,12099.991381898159,6479.65823612309,4873.5826922778415,4777.822564600738,4136.404163434502,3598.2286099628764,3495.728335795592,3200.095241177519,3252.706161104223,3369.71439608589,3064.3822338217433,3045.145642256669,3137.3233225426256,3011.9015288434807,3011.798264641949,2924.8399003711793,3016.1306298448953,2868.0295645094716,2807.3763319560917,2843.07179445696,2887.018808215588,2671.8746858089876,2559.802109015397,2410.3092259583727,2011.2520597537562,W
58682.495901639675,2186318.612851646,4811802.545545946,3919406.5912601687,2442167.335240309,1999711.5754762762,906209.3586452878,267184.93024308677,91004.64692160717,40351.08201034464,55738.24343158872,64663.86748992582,72436.55762937642,95969.62506396003,44144.38440159466,14510.957324071507,9729.181871589819,7414.13011791796,5243.716206574844,5862.638619223053,4239.149767665945,4256.552845471077,3864.420196688503,3644.015445065428,3747.7365530181837,3767.118608699601,3695.04790462486,3586.205282047331,3596.11438102652,3583.953906081594,3537.1402658919305,3578.489744150699,3583.8863184185234,3544.058573109847,3504.806761907389,3408.8020168921225,3268.997016030777,3229.0347056834034,2740.5371747730733,2178.9273427503445,W
36434.0129611055,2616943.6549321474,5830544.18747526,1986529.3290711772,2316810.892080014,4266181.060591046,2957825.7370637218,623047.9390050106,119093.81994319598,61105.74957383953,38736.86031108035,35517.509732895625,41883.15771170109,56327.59717002783,31242.783960315166,16655.063541414765,13544.159479569753,7039.597699024062,4541.06934780705,3637.2505644474827,3346.4962553934274,3160.6665094554505,2972.09899616037,2674.5157816795318,2721.305549332964,2657.46448651464,2586.54973751162,2698.614624538894,2602.996709656836,2559.867791346638,2483.5295261596534,2500.0248222150212,2500.16727640805,2467.2912757961585,2373.207148570837,2404.9319631381422,2311.8976148196302,2238.5119815755584,1978.7044838338256,1504.3579567661957,W
84726.87180510905,4934172.494742559,7825860.7568713445,2296515.887451059,2134356.986142845,1918784.6123829037,787794.8661285344,249703.63254796597,147956.05317655974,79496.21196708648,51725.67432575431,45981.55139345602,55075.23295275832,64785.43233972873,36997.37774221541,18354.324493835004,11666.749451517135,9059.541175326696,6048.260661527122,5552.081442936656,4775.073725470893,4136.934875599876,3623.8015275698554,3427.235322370713,3103.878639056656,3067.6580297317573,2874.6351767443684,2798.783584776277,2737.3053931761797,2802.21968338162,2642.485654068022,2584.599529873728,2512.286198088702,2649.626666601448,2581.5195127036413,2553.723669488911,2550.4056179355275,2333.270238857662,2213.087961271882,1976.9134936293171,W
223547.00933297162,11477058.845361095,60515504.33862503,30852844.6624649,15630075.571659174,22182943.326048166,9632368.027249135,1876138.9710378246,605504.7983213584,320006.44503398356,158133.7818502222,166425.9831806725,233010.7312741925,242419.96843789518,116495.5583875346,48434.670514728976,32811.11244455172,22356.242139943628,14844.76730037933,10830.758688087006,7744.823597986699,6783.326165498604,6162.9590862947225,5581.592794205947,5249.890347962979,4830.659381377253,4658.028986269397,4524.523941703137,4187.00392710607,4145.33029772408,4030.7457036547885,3918.5321618551625,3854.6077045782968,3814.108042258036,3850.99642324289,3548.261187941932,3576.6427035137613,3278.310900396934,2953.3917181550096,2490.280584320384,W
71023.45345583989,6107644.778098581,9888226.978606641,3260621.887708879,2626672.151234861,3339537.5760293873,2000569.1366162244,933320.0277575055,299072.1137286766,141738.20273319527,104854.10194277977,106945.92996067108,143243.29753523588,198932.8156446953,106072.27377100041,45940.00518241141,23815.588300094874,15672.185331852026,10602.340952929419,6837.560986619622,5864.299760553353,5089.999788960828,4663.119049573059,4576.6573417938125,4253.988466223862,4366.218330369658,4130.715611167121,4111.675143466204,4017.7380376757055,3876.205490529781,3919.7778939262716,3822.8018496578156,3690.3343288639,3773.6644676188434,3681.9471879530033,3675.9313166022584,3513.7817866724063,3480.7273078590133,3219.0647920155725,3022.1483637485344,W
158750.34675759077,3130071.0161957843,5125945.468087215,1614939.1496371017,1007649.7455609594,1056543.4236757238,379468.50164040347,126876.16683425398,54604.265181007715,39076.02412230741,26382.027293268224,28812.550791143593,29979.83581595182,42211.374513678864,20302.146666865607,15007.100552030148,12346.953904506616,14240.44495370374,11870.640305475474,11432.594855000409,11039.220770843915,10201.019752822947,10284.106784700596,9522.618197978183,9325.396556139218,9010.595029557888,8767.352483643112,8411.135218232992,8221.25163571059,7902.150177447032,7954.393950710259,7649.429809315083,7635.443717334246,7565.0717950802955,7385.514686808665,7061.4996752379375,7032.977321974133,6938.290773415048,6941.827754126216,6723.245125006254,W
28175.83827170884,2646957.764858899,3919665.6232965705,1641878.3883375695,1291456.0321607431,1493195.8672139682,832915.8909525533,247289.179365839,119670.88699512358,92094.30398079084,64011.78361168927,71044.82924094479,102808.23657782051,121324.60840350285,63408.65759076692,22684.635454906216,11317.695053664233,7858.7240558907415,5605.422895192085,5546.225253735496,4652.731392880676,4224.30654198183,3890.543120725949,3755.774047965898,3728.8767752079966,3857.6465783107315,3749.1400692583493,3661.1313398826314,3656.6862019419405,3581.6686921612904,3635.89258128554,3670.2984218337497,3568.6493896216516,3595.3911784195284,3687.1150887934537,3505.6473847064076,3350.522571873289,3188.0171931737414,2756.185486407462,2206.031513551763,W
162610.26673741636,7001381.205481831,13351905.377376314,3807509.04918784,2306514.2726081237,2537110.564001216,943039.7321486927,278950.74309772614,115183.23323731947,121231.05777865139,113433.70212808134,108925.35670252598,132140.1321715227,166370.7202085759,83723.70590834424,38425.58497713597,21273.526918880874,12470.414958086007,8858.628135203147,6644.4836538359095,5417.6427910145785,4592.648444765609,4216.755423276885,3885.6086666297965,3934.039519117746,3755.8995394148023,3695.1585802272966,3657.2672467305138,3538.2596232776878,3696.9934719974417,3596.467347878458,3543.052143534535,3463.4639663387907,3553.6034794309276,3507.361068030882,3490.998707257015,3338.202628547676,3124.0129002232943,2912.0270886697003,2548.840741345669,W
50097.76754898293,4124789.9276135233,7610499.959132057,3077977.746815519,2503567.8802579422,2751466.9916402865,1059603.7027415158,378029.26402592903,170299.53000844538,126738.0974520109,102648.70141075162,109494.21380023382,153863.21025794873,204652.3077843644,106544.67276570092,54308.2373276341,34184.44860195063,21920.324040181113,16985.09099774318,13296.019976784619,11758.438527483366,10274.909790486427,10060.134749810188,9989.513420725225,9404.83156813507,9133.706639839507,8523.394565438732,8515.618683027089,8423.066829311152,7979.739081879194,7798.522634981737,7564.492293712538,7488.332934814008,7479.880321336638,7574.615841348308,7217.196977424923,6785.441965483772,6765.220809704171,6662.563609779076,6408.042130355203,W
141792.92881303746,4151633.888595274,13546616.022106167,3613023.8477070658,2463901.57898534,3490817.942371831,840318.6345235722,322603.4452762556,141118.35244235658,104465.69386063081,77597.40818730115,75562.08252339685,80915.38135589988,99018.81094609067,53707.69602306525,31912.120153063235,25944.166912988938,22770.075007922627,19080.050463459236,16916.16607420933,14499.50972349524,13251.768692878686,12296.086878398055,11017.189218261763,10200.822480534083,9298.922593616757,8559.112054626656,8178.109855851379,7404.2702449210565,7148.681859495571,6840.6295245121055,6299.645142604861,5976.008366172569,5560.473038824131,5425.6997468235595,5030.5407340795855,4978.985541452869,4488.702881514646,4249.815483418938,3854.1823884472906,W
96725.50281037453,3642172.261973338,6395634.977179581,3672029.4455989543,1092584.4875819932,914949.7404827455,345538.1648006933,114676.72430052198,56142.820097682416,18986.843881761586,15714.264085621056,16266.632335393677,19765.864303278577,27663.722162850274,15210.492763560329,7236.197922938109,5666.838377164853,5052.682399115617,4732.342827171538,4076.181310161117,3740.8002350289235,3754.305559297619,3844.8652298852094,4180.327809388679,3606.18135515467,3596.0398123311916,3587.5321036697187,3329.6169596191767,3379.163248717132,3442.835641423589,3263.6837899234206,3261.4943602515896,3155.972167592167,3113.620917373196,3146.136753325399,2994.48330220529,2816.0246577281528,2843.363005241902,2573.2227307615876,2471.857768441608,W
36757.850195628445,1351686.2731172051,1989096.9420309467,601923.9761728941,770989.6599920124,1263057.7891947017,505630.7889635254,171951.8457399216,68752.7034032796,69965.73375257017,41306.713347647245,45483.386272203934,66214.49901409437,88436.36368183538,39396.606372691575,24985.768082846786,12075.574248506458,6388.226477673485,4923.671455408552,5606.906756222836,3746.130810404251,2885.823829713612,2951.423394419227,2448.4182730275224,2226.457033351631,2295.421396256113,2258.4254114910714,2098.9015098066543,2147.414576301995,2089.9226929372035,2066.519870932612,2137.590216656426,2086.469876528241,2117.3936815481475,2092.6308228689536,2069.214786683503,2039.315733937291,1760.275739859755,1666.9681620863762,1238.910953814513,W
98146.96273313346,6653793.981518506,10124039.190598866,2994282.719685041,2109280.904989415,2606302.2229897575,960069.2427540622,271409.11027239653,107040.4040699409,61798.37229054715,47471.97594621015,44673.9058122532,53520.24378022587,62405.10189401278,29280.78717885291,17119.477341647867,18602.80287018515,14054.4936822206,9528.186361220223,7133.963991928375,6120.107491591078,5294.917787649667,4901.252564366145,4507.577728058082,4199.26896045162,4049.26980350167,3867.232632438333,3727.0605516650508,3784.0472863902723,3728.9756034057846,3653.932276559447,3524.2785247408547,3612.714089367959,3559.344975848497,3562.85824745596,3505.7864522995997,3355.137901586224,3230.098757643235,2971.9697439622187,2631.332077849974,W
47916.1286951779,3460957.034698419,8263331.4526655665,3355799.48806692,2841544.995680226,4247587.738777753,1814155.1363077804,447015.33958774176,183908.42699999688,95653.7627728041,63666.12761560388,58507.140246660136,68410.59079635292,84077.2629306441,40070.62192670354,14185.172075488217,7495.158846878207,5184.517150019126,4226.61430135104,3773.688202371017,3495.199892125383,3526.2222528222355,3209.282931719284,3238.498857610857,3220.2179956604914,3073.3865389475377,3119.4532250021252,3002.616410310653,3112.1960666406667,3113.38140323926,3028.9607817197384,3051.1495395890347,3104.4126397598134,3067.8020182076466,2984.95838809855,3054.982690317597,2825.876655886833,2633.9080963052356,2368.4356159009767,1890.0593618123694,W
280808.0419178795,6499385.15181696,13484070.283340774,4430647.465269282,3354421.264732157,4358594.315884633,2019110.6611260835,809182.830859331,424197.3848330822,273643.98995388206,236763.255353473,259283.83367092098,353129.253272677,517510.20894567034,259252.00323575654,121240.74795440625,66612.17107104525,38446.94603007758,22936.022493575765,14742.979266252005,9590.164233976064,7477.350910014874,6031.110039538898,5008.2290873917445,4780.7480562320925,4362.563279509193,4288.872146137769,3681.1389666922214,3232.768198028977,3125.868150037948,2886.35649333686,2731.8043403957436,2562.158877639584,2526.7130384574857,2561.53529409922,2319.224351733098,2200.4099477750924,2046.9059392073545,1895.0466138285221,1535.3933828005052,W
217640.92924388588,4633738.558438227,9762615.43234264,4168973.1837704033,5576081.787692896,6651404.9058901,1983859.8484799892,453939.1241593346,282102.0321202603,187715.46459384466,214595.34131947305,209559.54881690734,295952.617745133,303046.84924727003,168347.87882830517,76743.39823339401,44979.90009671417,22000.068184461805,25116.17562761565,13451.853561429707,14330.100795602777,9609.016295029327,7452.724021462823,5965.494359762505,5047.630047943411,5607.646594571346,4285.086684065691,4061.7968710007012,4513.504208560875,3463.1356927643237,3765.7319527029804,3959.860146818235,3619.336004755004,3685.8113665858114,3517.481038023605,3390.271217918348,3468.3646920838564,3364.7355816489935,3321.4862497613703,3203.276739138848,W
56449.64682691496,2335153.810776555,4455713.044968692,1729349.8347073293,1306360.2812495257,1538291.5503445673,524085.4906028505,170268.5059300484,74784.90015031403,53174.43971167805,53705.925447516885,53556.39691239163,68405.95269475723,64321.852971972185,32677.73374562311,15566.264121655113,14913.67625473091,13016.38778471563,11219.743820175747,9924.048865173552,7727.758804389248,7390.175716800131,7480.681441311376,6047.799061896215,5924.68309887354,6052.72027363595,5878.661670257881,5883.015441411813,5620.80369299732,5408.713038758947,5597.509208659517,5387.018866709268,5235.108358872993,5132.1106280077,5107.21818201942,5074.354447892076,4961.1842079936405,4846.524908984302,4658.68781095992,4386.507363665064,W
40403.94497631145,1512702.342434454,2008861.7932934745,1059992.3635364287,1085641.5212813132,1245036.1336858934,557109.2522146298,148403.66163430086,59193.913759325034,30997.872618130506,21963.315115768706,20563.709150152466,28873.059942026273,32668.536507038345,15643.822839329527,7814.781231005572,5081.165936782307,4111.135674508623,3740.036784940763,3514.761407620275,3452.3910569042023,3263.7583656328056,2972.857453700498,3044.6790714768954,2998.975977197885,3025.052666812392,2970.2212771743207,2987.424621241885,2829.3197086002237,2834.2480988780353,2806.6168001930446,2891.7712045551825,2784.1223729242456,2805.984930333323,2804.1235270600264,2714.705864563418,2767.055476208669,2464.88748611311,2289.6406110164403,1920.7250374773212,W
39347.876242017446,1716185.4672048783,3450868.4110110067,916080.5012052297,691758.7548343,665400.8992023433,258370.412588563,80423.00388600671,34085.81590562283,19029.847937237646,16546.633214444133,14956.394424776661,20198.150688163347,27252.145721861587,18014.890099379063,8970.299912732276,7622.6917241145275,6540.803075399057,6324.03113630131,5306.851067707736,5522.4715577027055,5079.356804165916,4990.556995251465,4836.327243375622,4740.2222635805065,4531.683529719548,4639.533942598782,4446.192097126622,4255.614829870512,4205.884287767723,4116.114151794904,4076.1291600602144,4017.6199838082543,3891.5122666681646,3840.498007463799,3794.2605940437516,3828.818996053596,3694.865316240269,3485.26278058103,3309.509025406758,W
65185.383316906926,3592948.552961047,4475925.530247601,1570763.9016215126,1934639.532136085,2069922.099991271,1982121.030866679,507282.1408794705,382964.4631462717,153136.35764839355,178252.28689056053,114880.02746604136,175718.84574555943,137315.29456726543,45043.94187808542,18920.22304090641,10517.022332093024,5776.057794378715,4128.818623241246,3834.3898198289353,3390.365500683385,3292.5775640181955,2999.152977480388,2918.841370408193,2944.0795419332408,2860.465075081688,2840.304915526335,2850.362976037869,2788.395402645451,2752.9100660649674,2769.1926120882817,2868.6403287434305,2805.605394871426,2751.2411078100595,2695.212320377398,2765.705564122527,2608.056565639191,2443.959793216982,2149.3580801292146,1704.0467293217105,W
18466.50701186199,1492326.6312848693,2513375.8000198556,1172881.6474947094,1135450.0929865807,1361156.16197128,530866.8179059268,233911.4159721809,82754.46846769175,37758.36181501293,18945.12631622146,14426.64309052556,18647.78558594118,25056.37260804142,12378.51350084,4912.730731480458,3918.4118697466574,3228.835281281321,3128.4826912197464,3178.0499626252563,3003.0237410978207,2980.9776598731714,2895.86836769091,2920.626036574979,2814.4094835794936,2938.8146229563813,2840.6147055667725,2951.722824837553,2871.087605752171,2945.32124315066,2970.695951282175,2893.9898596617513,2953.81092540548,2981.962327612904,2857.6820567023533,2956.0973375070407,2728.7279970160207,2569.2267407301756,2248.1393502448536,1741.7390525688386,W
70000.3902127399,4462399.386511775,9434057.591761008,3892117.4463646347,2418967.846971575,2663844.833580567,1388284.8507566778,550735.1799040621,256019.0439616376,132694.63123564876,103080.91316349915,111809.0663141631,136154.1731265778,170708.68135439535,91893.70847370163,37402.389781110935,20712.94971064085,11735.606137216451,8103.962082793149,5540.22553748509,4234.746980577246,3416.085702010595,3040.5946240568633,2768.403078752325,2725.367564404509,2750.7420687634926,2669.455393315189,2677.1708840551396,2541.2926306918293,2570.0748223939563,2561.761722970512,2566.512358410303,2406.077376155491,2389.3433984949074,2405.5502415895867,2376.8721902625166,2317.3933038405075,2175.577844068929,1925.3982761047735,1631.0736628299583,W
253466.46741557622,6258480.262969453,9488706.499408316,3944039.559187562,4552631.176787817,2905113.436837671,1018061.7368690615,339275.18212200515,145428.19973688066,86456.26490355036,71720.63365174812,80497.90817983993,109597.06997630528,151851.19350406175,85686.23609162489,46374.035221275786,31125.56213925268,15675.738700162658,9862.472587744354,7234.848275064159,6099.514090989338,4984.318050876245,4113.680948908728,3443.4911132199704,3333.598197993351,3013.096858031532,2852.188725330766,2760.3874468463955,2758.6812122985075,2750.0565300710164,2752.717999839399,2694.2151838558348,2779.260968051867,2709.5168543785685,2701.8143261119776,2670.20428210112,2483.8800021887764,2455.350312109007,2144.217691053577,1788.4858021819264,W
202605.3930488711,10077672.90218766,22282836.817056105,9868843.556515701,8312058.262139911,8989617.0208146,4692918.058179426,1913132.7190764765,623709.5364023806,434204.82186626154,373044.19626370154,363451.4863685367,468571.67817953904,621428.9984714465,298995.5160016043,116809.86265343713,53946.78864964026,26206.416956926096,14643.417926169068,9779.269509111655,7843.331760460913,6836.568430442004,5937.75052894016,5299.563599684222,4865.1047265568595,4476.8362536599225,4300.6591141357685,4139.215073476735,3837.96123886079,3863.132833504472,3781.031371269419,3692.5652269602497,3691.5207880468615,3774.6805763587317,3715.7373772613973,3621.4820444566453,3466.3722666227018,3290.6698120283613,2972.8448748398732,2367.5582669979412,W
317236.0054934074,6321613.601764835,12429043.050459271,4514406.786193517,4257291.737630055,4359472.752584752,2318018.9389853626,593685.8969472859,201658.5701719068,112311.76345729743,82892.82508759305,70511.8734990875,95894.82312990975,114452.75543532125,61932.07516368884,41390.039029835134,39649.35432396663,22425.33998924194,17638.27495231401,14653.73263063241,15181.382326300009,15144.49476899347,14043.836916864086,14038.302516195847,13238.911487247347,13085.856339148362,12429.530506471956,11906.264116016077,11796.905583920607,11345.95007921686,11213.321931149498,10812.01485416665,10918.748774441567,10452.598997761626,10385.312262428644,10527.033352538165,10134.854289660307,10076.465398482469,9927.12750434212,9799.001065515808,W
